Workbook

Sheet Instrukcja
B2: Data Quality Scorecard
B3: Arkusz do mierzenia jakości danych w sześciu wymiarach. Autor: Szymon Kowalewski · skszymon.eu
B5: Jak używać
B6: 1. Przejdź do arkusza „Scorecard”. Cztery wiersze oznaczone PRZYKŁAD pokazują sposób wypełnienia — nadpisz je własnymi regułami.
B7: 2. Dla każdej reguły podaj: wymiar, zbiór danych, właściciela, próg akceptacji oraz liczbę rekordów ogółem i poprawnych (żółte pola).
B8: 3. Wynik i status liczą się automatycznie. Semafor: zielony ≥ 95%, żółty 85–95%, czerwony < 85%. Osobna kolumna pokazuje, czy wynik spełnia próg konkretnej reguły.
B9: 4. Arkusz „Podsumowanie” pokazuje średni wynik w każdym wymiarze i liczbę reguł poniżej progu — to widok dla zarządu.
B10: 5. Zacznij od 10 krytycznych reguł, nie od 500. Każda reguła musi mieć właściciela — bez niego nikt jej nie naprawi.
B11: Zasady
B12: • Mierz regularnie (dziennie/tygodniowo) i zapisuj wyniki w czasie — jednorazowy audyt szybko się dezaktualizuje.
B13: • Próg reguły ustala biznes, nie IT. Dla danych krytycznych (np. NIP do faktur) próg 99,5%, dla pomocniczych niższy.
B14: • Arkusz nie zastępuje narzędzia DQ (Ataccama, Great Expectations, dbt tests), ale pomaga ustalić, co i jak mierzyć, zanim je wdrożysz.
B16: Licencja: do użytku własnego i wewnątrz organizacji. Prosimy o zachowanie informacji o autorze.

Sheet Scorecard
A1: Scorecard reguł jakości danych
A2: Żółte pola wypełniasz Ty. Kolumny I–K liczą się automatycznie.
A4: ID | B4: Reguła | C4: Wymiar | D4: Zbiór / system | E4: Właściciel | F4: Próg reguły | G4: Rekordów ogółem | H4: Rekordów poprawnych | I4: Wynik | J4: Status (semafor) | K4: Spełnia próg? | L4: Częstotliwość pomiaru | M4: Uwagi
A5: R-001 | B5: Każdy klient ma poprawny NIP | C5: Zgodność formatu | D5: CRM / Klienci | E5: Data Steward ds. klientów | F5: 0.995 | G5: 48210 | H5: 47890 | I5: =IF(OR(G5="",G5=0,H5=""),"",H5/G5) | J5: =IF(I5="","",IF(I5>=0.95,"ZIELONY",IF(I5>=0.85,"ŻÓŁTY","CZERWONY"))) | K5: =IF(OR(I5="",F5=""),"",IF(I5>=F5,"TAK","NIE")) | L5: dziennie | M5: PRZYKŁAD — nadpisz
A6: R-002 | B6: Pole e-mail jest wypełnione | C6: Kompletność | D6: CRM / Klienci | E6: Data Steward ds. klientów | F6: 0.95 | G6: 48210 | H6: 44980 | I6: =IF(OR(G6="",G6=0,H6=""),"",H6/G6) | J6: =IF(I6="","",IF(I6>=0.95,"ZIELONY",IF(I6>=0.85,"ŻÓŁTY","CZERWONY"))) | K6: =IF(OR(I6="",F6=""),"",IF(I6>=F6,"TAK","NIE")) | L6: dziennie | M6: PRZYKŁAD — nadpisz
A7: R-003 | B7: Brak zduplikowanych klientów (NIP + nazwa) | C7: Unikalność | D7: CRM / Klienci | E7: Data Steward ds. klientów | F7: 0.98 | G7: 48210 | H7: 45300 | I7: =IF(OR(G7="",G7=0,H7=""),"",H7/G7) | J7: =IF(I7="","",IF(I7>=0.95,"ZIELONY",IF(I7>=0.85,"ŻÓŁTY","CZERWONY"))) | K7: =IF(OR(I7="",F7=""),"",IF(I7>=F7,"TAK","NIE")) | L7: tygodniowo | M7: PRZYKŁAD — nadpisz
A8: R-004 | B8: Miasto w CRM = miasto w systemie fakturowym | C8: Spójność | D8: CRM vs ERP | E8: Data Owner ds. sprzedaży | F8: 0.97 | G8: 48210 | H8: 41050 | I8: =IF(OR(G8="",G8=0,H8=""),"",H8/G8) | J8: =IF(I8="","",IF(I8>=0.95,"ZIELONY",IF(I8>=0.85,"ŻÓŁTY","CZERWONY"))) | K8: =IF(OR(I8="",F8=""),"",IF(I8>=F8,"TAK","NIE")) | L8: tygodniowo | M8: PRZYKŁAD — nadpisz
I9: =IF(OR(G9="",G9=0,H9=""),"",H9/G9) | J9: =IF(I9="","",IF(I9>=0.95,"ZIELONY",IF(I9>=0.85,"ŻÓŁTY","CZERWONY"))) | K9: =IF(OR(I9="",F9=""),"",IF(I9>=F9,"TAK","NIE"))
I10: =IF(OR(G10="",G10=0,H10=""),"",H10/G10) | J10: =IF(I10="","",IF(I10>=0.95,"ZIELONY",IF(I10>=0.85,"ŻÓŁTY","CZERWONY"))) | K10: =IF(OR(I10="",F10=""),"",IF(I10>=F10,"TAK","NIE"))
I11: =IF(OR(G11="",G11=0,H11=""),"",H11/G11) | J11: =IF(I11="","",IF(I11>=0.95,"ZIELONY",IF(I11>=0.85,"ŻÓŁTY","CZERWONY"))) | K11: =IF(OR(I11="",F11=""),"",IF(I11>=F11,"TAK","NIE"))
I12: =IF(OR(G12="",G12=0,H12=""),"",H12/G12) | J12: =IF(I12="","",IF(I12>=0.95,"ZIELONY",IF(I12>=0.85,"ŻÓŁTY","CZERWONY"))) | K12: =IF(OR(I12="",F12=""),"",IF(I12>=F12,"TAK","NIE"))
I13: =IF(OR(G13="",G13=0,H13=""),"",H13/G13) | J13: =IF(I13="","",IF(I13>=0.95,"ZIELONY",IF(I13>=0.85,"ŻÓŁTY","CZERWONY"))) | K13: =IF(OR(I13="",F13=""),"",IF(I13>=F13,"TAK","NIE"))
I14: =IF(OR(G14="",G14=0,H14=""),"",H14/G14) | J14: =IF(I14="","",IF(I14>=0.95,"ZIELONY",IF(I14>=0.85,"ŻÓŁTY","CZERWONY"))) | K14: =IF(OR(I14="",F14=""),"",IF(I14>=F14,"TAK","NIE"))
I15: =IF(OR(G15="",G15=0,H15=""),"",H15/G15) | J15: =IF(I15="","",IF(I15>=0.95,"ZIELONY",IF(I15>=0.85,"ŻÓŁTY","CZERWONY"))) | K15: =IF(OR(I15="",F15=""),"",IF(I15>=F15,"TAK","NIE"))
I16: =IF(OR(G16="",G16=0,H16=""),"",H16/G16) | J16: =IF(I16="","",IF(I16>=0.95,"ZIELONY",IF(I16>=0.85,"ŻÓŁTY","CZERWONY"))) | K16: =IF(OR(I16="",F16=""),"",IF(I16>=F16,"TAK","NIE"))
I17: =IF(OR(G17="",G17=0,H17=""),"",H17/G17) | J17: =IF(I17="","",IF(I17>=0.95,"ZIELONY",IF(I17>=0.85,"ŻÓŁTY","CZERWONY"))) | K17: =IF(OR(I17="",F17=""),"",IF(I17>=F17,"TAK","NIE"))
I18: =IF(OR(G18="",G18=0,H18=""),"",H18/G18) | J18: =IF(I18="","",IF(I18>=0.95,"ZIELONY",IF(I18>=0.85,"ŻÓŁTY","CZERWONY"))) | K18: =IF(OR(I18="",F18=""),"",IF(I18>=F18,"TAK","NIE"))
I19: =IF(OR(G19="",G19=0,H19=""),"",H19/G19) | J19: =IF(I19="","",IF(I19>=0.95,"ZIELONY",IF(I19>=0.85,"ŻÓŁTY","CZERWONY"))) | K19: =IF(OR(I19="",F19=""),"",IF(I19>=F19,"TAK","NIE"))
I20: =IF(OR(G20="",G20=0,H20=""),"",H20/G20) | J20: =IF(I20="","",IF(I20>=0.95,"ZIELONY",IF(I20>=0.85,"ŻÓŁTY","CZERWONY"))) | K20: =IF(OR(I20="",F20=""),"",IF(I20>=F20,"TAK","NIE"))
... I54: =IF(OR(G54="",G54=0,H54=""),"",H54/G54) | J54: =IF(I54="","",IF(I54>=0.95,"ZIELONY",IF(I54>=0.85,"ŻÓŁTY","CZERWONY"))) | K54: =IF(OR(I54="",F54=""),"",IF(I54>=F54,"TAK","NIE"))

Sheet Podsumowanie
A1: Podsumowanie jakości danych
A3: Wymiar | B3: Liczba reguł | C3: Średni wynik | D3: Status | E3: Reguł poniżej progu
A4: Dokładność | B4: =COUNTIFS(Scorecard!$C$5:$C$54,A4,Scorecard!$I$5:$I$54,">=0") | C4: =IFERROR(AVERAGEIFS(Scorecard!$I$5:$I$54,Scorecard!$C$5:$C$54,A4),"") | D4: =IF(C4="","",IF(C4>=0.95,"ZIELONY",IF(C4>=0.85,"ŻÓŁTY","CZERWONY"))) | E4: =COUNTIFS(Scorecard!$C$5:$C$54,A4,Scorecard!$K$5:$K$54,"NIE")
A5: Kompletność | B5: =COUNTIFS(Scorecard!$C$5:$C$54,A5,Scorecard!$I$5:$I$54,">=0") | C5: =IFERROR(AVERAGEIFS(Scorecard!$I$5:$I$54,Scorecard!$C$5:$C$54,A5),"") | D5: =IF(C5="","",IF(C5>=0.95,"ZIELONY",IF(C5>=0.85,"ŻÓŁTY","CZERWONY"))) | E5: =COUNTIFS(Scorecard!$C$5:$C$54,A5,Scorecard!$K$5:$K$54,"NIE")
A6: Spójność | B6: =COUNTIFS(Scorecard!$C$5:$C$54,A6,Scorecard!$I$5:$I$54,">=0") | C6: =IFERROR(AVERAGEIFS(Scorecard!$I$5:$I$54,Scorecard!$C$5:$C$54,A6),"") | D6: =IF(C6="","",IF(C6>=0.95,"ZIELONY",IF(C6>=0.85,"ŻÓŁTY","CZERWONY"))) | E6: =COUNTIFS(Scorecard!$C$5:$C$54,A6,Scorecard!$K$5:$K$54,"NIE")
A7: Aktualność | B7: =COUNTIFS(Scorecard!$C$5:$C$54,A7,Scorecard!$I$5:$I$54,">=0") | C7: =IFERROR(AVERAGEIFS(Scorecard!$I$5:$I$54,Scorecard!$C$5:$C$54,A7),"") | D7: =IF(C7="","",IF(C7>=0.95,"ZIELONY",IF(C7>=0.85,"ŻÓŁTY","CZERWONY"))) | E7: =COUNTIFS(Scorecard!$C$5:$C$54,A7,Scorecard!$K$5:$K$54,"NIE")
A8: Unikalność | B8: =COUNTIFS(Scorecard!$C$5:$C$54,A8,Scorecard!$I$5:$I$54,">=0") | C8: =IFERROR(AVERAGEIFS(Scorecard!$I$5:$I$54,Scorecard!$C$5:$C$54,A8),"") | D8: =IF(C8="","",IF(C8>=0.95,"ZIELONY",IF(C8>=0.85,"ŻÓŁTY","CZERWONY"))) | E8: =COUNTIFS(Scorecard!$C$5:$C$54,A8,Scorecard!$K$5:$K$54,"NIE")
A9: Zgodność formatu | B9: =COUNTIFS(Scorecard!$C$5:$C$54,A9,Scorecard!$I$5:$I$54,">=0") | C9: =IFERROR(AVERAGEIFS(Scorecard!$I$5:$I$54,Scorecard!$C$5:$C$54,A9),"") | D9: =IF(C9="","",IF(C9>=0.95,"ZIELONY",IF(C9>=0.85,"ŻÓŁTY","CZERWONY"))) | E9: =COUNTIFS(Scorecard!$C$5:$C$54,A9,Scorecard!$K$5:$K$54,"NIE")
A10: Ogółem | B10: =SUM(B4:B9) | C10: =IFERROR(AVERAGE(Scorecard!$I$5:$I$54),"") | D10: =IF(C10="","",IF(C10>=0.95,"ZIELONY",IF(C10>=0.85,"ŻÓŁTY","CZERWONY"))) | E10: =SUM(E4:E9)
A12: Średnia liczy się tylko z reguł z wypełnioną liczbą rekordów. Przykłady ze Scorecard wliczają się, dopóki ich nie nadpiszesz.

Sheet Wymiary
A1: Wymiar | B1: Pytanie kontrolne | C1: Wzór metryki | D1: Jak mierzyć / uwagi
A2: Dokładność | B2: Czy dane odzwierciedlają rzeczywistość? | C2: rekordów poprawnych / rekordów ogółem × 100% | D2: Porównanie ze źródłem referencyjnym (GUS, REGON, KRS), próbkowanie, reguły walidacyjne (np. suma kontrolna PESEL)
A3: Kompletność | B3: Czy wymagane pola i rekordy są obecne? | C3: pól niepustych / pól wymaganych × 100% | D3: Poziomy: atrybut, rekord, zbiór. Mierz tylko pola wymagane biznesowo.
A4: Spójność | B4: Czy te same dane mają tę samą wartość w różnych systemach? | C4: rekordów spójnych między systemami / rekordów ogółem × 100% | D4: Typy: między systemami (CRM/ERP/DWH), w obrębie rekordu (kod pocztowy vs miasto), w czasie.
A5: Aktualność | B5: Czy dane odzwierciedlają bieżący stan? | C5: rekordów aktualnych / rekordów ogółem × 100% (lub średni czas od zdarzenia do dostępności) | D5: Dwa aspekty: świeżość (jak szybko dane trafiają do systemu) i ważność (czy nadal są prawdziwe).
A6: Unikalność | B6: Czy każdy byt występuje dokładnie raz? | C6: rekordów unikalnych / rekordów ogółem × 100% | D6: Duplikaty zaburzają agregacje i utrudniają budowę golden record w MDM.
A7: Zgodność formatu | B7: Czy dane pasują do schematu, formatu i zakresu? | C7: rekordów zgodnych z regułami / rekordów ogółem × 100% | D7: Np. e-mail z @ i domeną, kod pocztowy XX-XXX, kwota > 0, data urodzenia nie z przyszłości.
A9: Szerzej o wymiarach: skszymon.eu/blog/2026/data-quality-dimensions/
